industria|industria_es|industria_agrupada
 Buyer|Comprador|
 Veterinary medicine|Medicina veterinaria|
"""Government Relations"" (Lobbying) "|Relaciones Gubernamentales (Cabildeo)|
Academia|Academia|
Academia |Academia|
Academia - STEM|Academia - STEM|
Academia / Research|Academia / Investigación|
Academia--cell and molecular biology|Academia: biología celular y molecular|
Academic Medicine |Medicina Académica|
Academic Press Production|Producción de Prensa Académica|
Academic publishing|Publicaciones académicas|
Academic publishing |Publicaciones académicas|
Academic research|Investigación académica|
Academic research (Psychology)|Investigación académica (Psicología)|
Academic research (social science)|Investigación académica (ciencias sociales)|
Academic science|Ciencia académica|
Academic Science |Ciencia Académica|
Academic Scientific Research|Investigación Científica Académica|
Academic/nonprofit research|Investigación académica/sin fines de lucro|
accessibility|accesibilidad|
Accounting, Banking & Finance|Contabilidad, Banca y Finanzas|
Actuarial|Actuarial|
Administration|Administración|
Administration |Administración|
Administration (food service)|Administración (servicio de alimentos)|
Administration in MLM|Administración en MLM|
Administration, IT|Administración, TI|
Administrative |Administrativo|
Administrative Support|Apoyo Administrativo|
Administrative Work|Trabajo Administrativo|
Adult education|Educación de adultos|
Aerospace|Aeroespacial|
Aerospace |Aeroespacial|
Aerospace & Defense|Aeroespacial y Defensa|
Aerospace and Defense|Aeroespacial y Defensa|
Aerospace and Defense Manufacturing|Fabricación aeroespacial y de defensa|
Aerospace and Defense/Government Contracting|Aeroespacial y Defensa/Contratación Gubernamental|
Aerospace contracting|Contratación aeroespacial|
aerospace data|Datos aeroespaciales|
Aerospace Manufacturing|Fabricación aeroespacial|
Aerospace/aviation|Aeroespacial/aviación|
Aerospace/Aviation |Aeroespacial/Aviación|
Aerospace/Defense|Aeroespacial/Defensa|
Affordable Housing Real Estate Development (nonprofit)|Desarrollo Inmobiliario de Viviendas Asequibles (sin fines de lucro)|
Agriculture or Forestry|Agricultura o silvicultura|
Agriculture/Agriculture Chemical |Agricultura/Agroquímica|
Airline|Línea aérea|
AmeriCorps|AmeriCorps|
Analytical Chemistry|Química analítica|
Analytical lab|Laboratorio analítico|
Analytics|Analítica|
Animal Care|Cuidado de los animales|
Animal Caretaker|Cuidador de animales|
Animal Health|Sanidad animal|
Animal health industry|Industria de la salud animal|
Animal Health Product Manufacturing|Fabricación de productos para la salud animal|
Animal welfare|Bienestar animal|
Animation|Animación|
Apparel|Atavío|
Apparel |Atavío|
apparel design/product development |Diseño de indumentaria/desarrollo de productos|
Apparel manufacture|Fabricación de prendas de vestir|
Archaeologist|Arqueólogo|
Archaeology|Arqueología|
Archaeology / Cultural Resource Management|Arqueología / Gestión de Recursos Culturales|
Archaeology/Cultural Resource Manager|Gerente de Arqueología/Recursos Culturales|
Architect|Arquitecto|
Architect |Arquitecto|
Architectural/Land Planning/Civil Engineering|Arquitectura/Planificación Territorial/Ingeniería Civil|
Architecture|Arquitectura|
Architecture |Arquitectura|
Architecture & Construction|Arquitectura y Construcción|
Architecture / Engineering|Arquitectura / Ingeniería|
Architecture and engineering consulting and design |Consultoría y diseño de arquitectura e ingeniería|
Architecture, Engineering, Construction|Arquitectura, Ingeniería, Construcción|
Architecture/Construction|Arquitectura/Construcción|
Archives|Archivo|
Archives |Archivo|
Archives/Libraries|Archivos/Bibliotecas|
Archives/Library Science|Archivos/Bibliotecología|
Art & Design|Arte & Diseño|
art appraisal|Tasación de obras de arte|
Arts Administration |Administración de las Artes|
Arts, Culture and Heritage|Arte, Cultura y Patrimonio|
Association|Asociación|
association management|Gestión de asociaciones|
Association Management |Gestión de Asociaciones|
Auction House|Casa de subastas|
Auto Mfg.|Auto Mfg.|
auto repair|Reparación de automóviles|
Automotive|Automotor|
Automotive |Automotor|
Automotive finance and insurance|Finanzas y seguros automotrices|
Automotive repair|Reparación de automóviles|
Automotive technician|Técnico automotriz|
Automtive Repair|Reparación automática|
Aviation|Aviación|
awards and engraving|Premios y grabado|
B2B Services |Servicios B2B|
Background Screening|Verificación de antecedentes|
Beauty|Belleza|
Beauty /CPG |Belleza /CPG|
Beauty Manufacturing & Education |Belleza, Manufactura y Educación|
Beauty, Cosmetics, Fragrance|Belleza, Cosméticos, Fragancias|
Beauty/service industry |Industria de la belleza y los servicios|
Beer sales|Venta de cerveza|
Behavior analysis/mental health|Análisis de la conducta/salud mental|
Behavioral Health|Salud conductual|
Benefits Administration|Administración de Beneficios|
Beverage|Bebida|
Beverage & Spirits|Bebidas y licores|
Beverage Distribution|Distribución de bebidas|
Beverage Production|Producción de bebidas|
Big Pharma|Grandes farmacéuticas|
Bio tech|Biotecnología|
Bioinformatics |Bioinformática|
biological research|Investigación Biológica|
Biological Sciences|Ciencias Biológicas|
Biologist|Biólogo|
Biology|Biología|
Biology/Research|Biología/Investigación|
Biomedical Research|Investigación Biomédica|
Biopharma|Biofarmacia|
Biopharmaceuticals|Productos biofarmacéuticos|
Bioscience Company|Empresa de Biociencia|
Biotech|Biotecnología|
Biotech |Biotecnología|
Biotech (R&D) |Biotecnología (I&D)|
Biotech / life sciences |Biotecnología / ciencias de la vida|
Biotech / Pharmaceutical Industry|Industria Biotecnológica / Farmacéutica|
Biotech / Research|Biotecnología / Investigación|
Biotech industry|Industria biotecnológica|
Biotech manufacturing|Fabricación de biotecnología|
Biotech pharmaceuticals|Productos farmacéuticos biotecnológicos|
Biotech R&D|Investigación y desarrollo en biotecnología|
Biotech Research|Investigación en biotecnología|
Biotech research |Investigación en biotecnología|
Biotech/Drug Development|Biotecnología/Desarrollo de Medicamentos|
Biotech/Food Safety|Biotecnología/Seguridad Alimentaria|
Biotech/Pharma|Biotecnología/Farmacéutica|
Biotech/Pharmaceuticals|Biotecnología/Productos farmacéuticos|
Biotech/pharmaceuticals |Biotecnología/farmacéutica|
Biotech/software|Biotecnología/software|
Biotechnology|Biotecnología|
Biotechnology |Biotecnología|
Biotechnology, Research and Development|Biotecnología, Investigación y Desarrollo|
Biotechnology/Life Sciences|Biotecnología/Ciencias de la Vida|
Bitech|Bitech|
Book publishing|Edición de libros|
Brain research |Investigación del cerebro|
Brewing|Cerveza|
Business or Consulting|Negocios o Consultoría|
Business Process Outsourcing|Externalización de Procesos de Negocio|
Business Process Outsourcing |Externalización de Procesos de Negocio|
Business Services|Servicios Empresariales|
CALL CENTER|CENTRO DE LLAMADAS|
Cancer research, not for profit|Investigación sobre el cáncer, sin fines de lucro|
Cannabis|Cannabis|
Cannabis compliance|Cumplimiento de la normativa sobre el cannabis|
Career & Technical Training|Carrera y Formación Técnica|
Caregiver|Cuidador|
CBD Manufacturing|Fabricación de CBD|
Chaplain|Capellán|
Charity|Caridad|
Chemical|Químico|
Chemical Manufacturing|Fabricación de productos químicos|
Chemicals |Productos químicos|
Chemicals/ Materials|Productos químicos / Materiales|
Chemistry|Química|
Child and Yout Care|Cuidado de los niños y de los niños|
Child care|Cuidado de niños|
Child Care Resource and Referral Agency|Agencia de Recursos y Referencias para el Cuidado de Niños|
Childcare|Cuidado de niños|
childcare |Cuidado de niños|
Childcare (0-5 so does not come under Primary education)|Cuidado de niños (0-5 años, por lo que no se incluye en la educación primaria)|
Children's Book Wholesale|Venta al por mayor de libros infantiles|
Church|Iglesia|
Church ministry|Ministerio eclesiástico|
Clean Energy (eg. energy efficiency, renewables, etc.)|Energía limpia (por ejemplo, eficiencia energética, energías renovables, etc.)|
Cleaning|Limpieza|
Clergy|Clero|
Clinical & Translational Reserach|Investigación Clínica y Traslacional|
clinical research|Investigación clínica|
Clinical Research |Investigación Clínica|
Clinical research and development |Investigación y desarrollo clínico|
Clinical Research Manager - academic institution|Gerente de Investigación Clínica - institución académica|
Clinical trials|Ensayos clínicos|
clinical trials research coordination|Coordinación de la investigación en ensayos clínicos|
coaching|coaching|
Coffee - Importing|Café - Importación|
College Athletics|Atletismo universitario|
Commercial Building Material Distribution|Distribución de materiales de construcción comercial|
Commercial Fisherman|Pescador comercial|
Commercial furniture|Mobiliario comercial|
Commercial Landscaping |Paisajismo Comercial|
Commercial Real Estate|Bienes Raíces Comerciales|
Commercial Real Estate |Bienes Raíces Comerciales|
Commercial Real Estate - Private Equity|Bienes Raíces Comerciales - Capital Privado|
Commercial Real Estate Data and Analytics/Research|Datos y análisis/investigación de bienes raíces comerciales|
Commercial real estate tenancy|Arrendamiento de bienes raíces comerciales|
commodities trading|Comercio de materias primas|
Communication Research|Investigación en Comunicación|
Communications|Comunicaciones|
Communications |Comunicaciones|
Communications/publications|Comunicaciones/publicaciones|
Community Foundation|Fundación Comunitaria|
Community Management|Gestión de la comunidad|
Compliance|Conformidad|
Compliance |Conformidad|
Computing or Tech|Informática o tecnología|
Computing/Tech + Higher Ed + Nonprofit|Computación/Tecnología + Educación Superior + Sin fines de lucro|
Concrete|Hormigón|
Concrete Construction|Construcción de hormigón|
Conservation|Conservación|
Construction|Construcción|
Construction |Construcción|
Construction / Stone industry|Construcción / Industria de la piedra|
Construction Management|Gestión de la Construcción|
Construction, HVAC |Construcción, HVAC|
Construction, mining, manufacturing|Construcción, minería, manufactura|
Consultant|Consultor|
Consulting|Consultoría|
Consulting |Consultoría|
Consulting / Professional Services|Consultoría / Servicios Profesionales|
Consulting Operations- Big 4|Operaciones de Consultoría - Big 4|
Consumer food products |Productos alimenticios de consumo|
Consumer Good (Toys)|Bienes de consumo (juguetes)|
Consumer Goods|Bienes de consumo|
Consumer Goods Production|Producción de bienes de consumo|
Consumer packaged goods|Bienes de consumo envasados|
Consumer packaged goods |Bienes de consumo envasados|
consumer product design|Diseño de productos de consumo|
Consumer Product Goods|Bienes de consumo|
Consumer Product Organization |Organización de Productos de Consumo|
consumer products|Productos de consumo|
Consumer Products design |Diseño de productos de consumo|
Consumer Research|Investigación de consumidores|
Consumer/Packaged Goods|Bienes de Consumo/Empaquetados|
Contact Center|Centro de contacto|
Content Review - Copyright/DMCA|Revisión de contenido - Derechos de autor/DMCA|
Contract Research|Investigación por contrato|
Contract research organisation|Organización de investigación por contrato|
Corporate accounting in death care (funeral & cemetery)|Contabilidad corporativa en el cuidado de fallecimientos (funerales y cementerios)|
Corporate Learning and Development|Aprendizaje y Desarrollo Corporativo|
Corporate service management|Gestión de servicios corporativos|
Corporate sustainability |Sostenibilidad corporativa|
Corporate Training|Capacitación Corporativa|
Corporate Travel Industry|Industria de viajes corporativos|
Cosmetology |Cosmetología|
Costruction admin|Administrador de costruction|
Counseling|Asesoramiento|
Counselling|Asesoramiento|
CPG|Bienes de consumo envasados|
CPG / Retail|CPG / Venta al por menor|
Craft Beer Industry |Industria de la Cerveza Artesanal|
cultural (museums/galleries)|culturales (museos/galerías)|
Cultural Heritage|Patrimonio cultural|
Cultural Resource Management|Gestión de Recursos Culturales|
Cultural Resources Management/Major Univ.|Gestión de Recursos Culturales/Especialidad Univ.|
Culture|Cultura|
Customer Service|Servicio al cliente|
Customer service |Servicio al cliente|
Customer service/call center|Servicio al cliente/centro de llamadas|
Customer service/publishing-adjacent |Servicio de atención al cliente/publicación adyacente|
Data Analytics|Análisis de datos|
Data Breach|Violación de datos|
Data Entry|Entrada de datos|
Data/Institutional Research in Higher Education|Datos/Investigación Institucional en Educación Superior|
Database subscription services|Servicios de suscripción a bases de datos|
Daycare for children under 5 years old|Guardería para niños menores de 5 años|
Defense|Defensa|
Defense |Defensa|
Defense contracting|Contratación de defensa|
Defense Contractor|Contratista de Defensa|
Delivery and installation for commercial machinery|Entrega e instalación de maquinaria comercial|
Diagnostic Medical Devices|Dispositivos médicos de diagnóstico|
Digital|Digital|
digital commerce / ecommerce|Comercio digital / ecommerce|
Digital Marketing|Digital Marketing|
digital marketing within a book publishing company (please reclassify as you see fit)|marketing digital dentro de una editorial de libros (por favor, reclasifique como mejor le parezca)|
Direct support  professional  in a group  home|Profesional de apoyo directo en un hogar grupal|
Disability services |Servicios para discapacitados|
Distribution|Distribución|
Diversity, Equity & Inclusion |Diversidad, equidad e inclusión|
DoD Contracting|Contratación del Departamento de Defensa|
Drug development |Desarrollo de fármacos|
E commerce |Comercio electrónico|
Eap|Eap|
Early Childhood Education|Educación Infantil|
Early childhood education (preschool)|Educación de la primera infancia (preescolar)|
Early Education|Educación Temprana|
Early Education (corporate office)|Educación Temprana (oficina corporativa)|
Earth sciences|Ciencias de la tierra|
Ecology |Ecología|
e-comm|e-COMM|
Ecommerce|Comercio electrónico|
E-commerce|Comercio electrónico|
ECommerce |Comercio electrónico|
E-commerce |Comercio electrónico|
Ecommerce - Technology|Ecommerce - Tecnología|
Ecommerce fraud|Fraude en el comercio electrónico|
economics|economía|
Ed Tech|Tecnología educativa|
Editor in educational publishing|Editora en publicaciones educativas|
Edtech|Tecnología educativa|
Educ tech|Educ tech|
Education (Early Childhood Education)|Educación (Educación Infantil)|
Education (early childhood)|Educación (primera infancia)|
Education (Higher Education)|Educación (Educación Superior)|
Education (Other)|Educación (Otros)|
Education (Primary/Secondary)|Educación (Primaria/Secundaria)|
Education Consulting|Consultoría Educativa|
Education- museum/public outreach |Educación: museo/divulgación pública|
Education Publishing |Publicaciones Educativas|
Education research- mix of Edtech and non profits|Investigación educativa: combinación de tecnología educativa y organizaciones sin fines de lucro|
Education service provider|Proveedor de servicios educativos|
Education services (tutoring)|Servicios educativos (tutoría)|
Education start-up|Puesta en marcha de la educación|
education writing|Escritura educativa|
Education/vocational|Educación/formación profesional|
Education: preschool |Educación: preescolar|
Educational assessment|Evaluación educativa|
Educational products|Productos educativos|
educational publishing|Publicaciones educativas|
Educational publishing / ed tech|Publicaciones educativas / tecnología educativa|
Educational Research|Investigación educativa|
Educational technology|Tecnología educativa|
Educational Technology - hybrid between book publishing and technology really|Tecnología educativa: híbrido entre la publicación de libros y la tecnología|
e-learning|e-learning|
Emergency Management|Manejo de Emergencias|
Energy|Energía|
Energy - Oil and Gas|Energía - Petróleo y Gas|
Energy (oil & gas & associated products, renewable power, etc)|Energía (petróleo y gas y productos asociados, energía renovable, etc.)|
Energy (Oil & Gas)|Energía (Petróleo y Gas)|
Energy / renewables|Energía / Renovables|
Energy Sector: Oil & Gas|Sector Energético: Petróleo y Gas|
Energy Supplier|Proveedor de energía|
Energy, Oil & Gas|Energía, Petróleo y Gas|
Energy, Oil and Gas|Energía, petróleo y gas|
Energy/oil|Energía/petróleo|
Energy: oil & gas|Energía: petróleo y gas|
Engineering - Mining|Ingeniería - Minería|
Engineering and Environmental Consulting|Ingeniería y Consultoría Ambiental|
Engineering or Manufacturing|Ingeniería o Manufactura|
Entertainment|Diversión|
Entertainment data|Datos de entretenimiento|
Entrepreneur high net worth |Emprendedor de alto patrimonio neto|
Env. Consulting|Env. Consultoría|
Enviromental |Medio ambiente|
Environment|Medio ambiente|
Environment - Oil and Gas|Medio ambiente - Petróleo y gas|
Environment and sustainability|Medio ambiente y sostenibilidad|
Environment, health, and safety|Medio ambiente, salud y seguridad|
Environmental|Medioambiental|
Environmental |Medioambiental|
Environmental compliance|Cumplimiento ambiental|
environmental compliance |Cumplimiento ambiental|
environmental compliance/engineering|Cumplimiento Ambiental/Ingeniería|
Environmental Consultanting|Consultoría Ambiental|
Environmental Consulting|Consultoría Ambiental|
Environmental Consulting |Consultoría Ambiental|
Environmental Health + Pest Control|Salud Ambiental + Control de Plagas|
environmental health and safety|Salud y seguridad ambiental|
Environmental health and safety compliance|Cumplimiento de la normativa en materia de salud y seguridad medioambiental|
Environmental Planning|Planificación Ambiental|
Environmental regulation|Regulación ambiental|
Environmental Restoration|Restauración Ambiental|
Environmental Science|Ciencias Ambientales|
Environmental science |Ciencias ambientales|
Environmental sciences|Ciencias ambientales|
Environmental Services|Servicios Ambientales|
Environmental survey|Estudio ambiental|
Environmental/Cultural Resource Management|Gestión de Recursos Ambientales/Culturales|
Environmnetal |Medio Ambiente|
ESL Teacher|Profesor de ESL|
Executive Leadership Servis|Servicios de Liderazgo Ejecutivo|
Executive Search|Búsqueda de Ejecutivos|
facilities|Instalaciones|
Facilities |Instalaciones|
Faith/spirituality|Fe/espiritualidad|
Family Office|Oficina Familiar|
Family office |Familyoffice|
Fashion|Moda|
Fashion/e-commerce |Moda/e-commerce|
Fast casual restaurant |Restaurante de comida rápida y casual|
Fast Food|Comida rápida|
Federal Contracting/Business Development|Contratación Federal/Desarrollo de Negocios|
Federal Government Contracting|Contrataciones del Gobierno Federal|
Film Post-Production|Postproducción de películas|
Finance|Finanzas|
Finance |Finanzas|
Finance/Investment Management but in legal/compliance, so back-office|Finanzas/Gestión de Inversiones, pero en legal/cumplimiento, por lo que back-office|
Fintech|Fintech|
FinTech/Payment Processing|FinTech/Procesamiento de pagos|
Fire protection|Protección contra incendios|
Fitness|Aptitud|
Fitness & Entertainment|Fitness & Entretenimiento|
FMCG|FMCG|
FMCG development |Desarrollo de bienes de consumo masivo|
Food|Víveres|
Food & Beverage|Alimentos y bebidas|
Food & Beverage production|Producción de alimentos y bebidas|
Food & Beverages|Alimentos y bebidas|
Food & Nutrition|Alimentación y Nutrición|
Food and Beverage|Alimentos y bebidas|
Food and Beverage |Alimentos y bebidas|
Food and Drink |Comida y bebida|
Food and Flavor|Comida y sabor|
Food demos|Demostraciones de comida|
Food Distribution|Distribución de alimentos|
Food Industry|Industria alimentaria|
Food industry |Industria alimentaria|
Food Manufacture|Fabricación de alimentos|
Food manufacturers |Fabricantes de alimentos|
Food manufacturing|Fabricación de alimentos|
Food manufacturing |Fabricación de alimentos|
Food processing|Procesamiento de alimentos|
Food processing and packaging|Procesamiento y envasado de alimentos|
Food production|Producción alimentaria|
Food Production/Processing|Producción/Procesamiento de Alimentos|
Food Service|Servicio de Alimentos|
Food Service |Servicio de Alimentos|
Food Service --- Baking|Servicio de alimentos --- repostería|
Food/Beverage Manufacturing- Quality/Laboratory|Fabricación de Alimentos/Bebidas- Calidad/Laboratorio|
Food/Quick Service Restaurant (QSR)|Comida/Restaurante de servicio rápido (QSR)|
Foodservice|Servicio de alimentos|
For profit education|Educación con fines de lucro|
Forensics|Forense|
Forklift operator warehouse|Almacén de operarios de carretillas elevadoras|
Freelance Journalism|Periodismo Freelance|
Freelance/Self-Employed Consultant |Consultor Freelance/Autónomo|
Funding Intermediary |Intermediario de financiación|
Fundraising|Recaudación|
Fundraising |Recaudación|
Fundraising for a university |Recaudación de fondos para una universidad|
Fundraising in Higher Education; nonclinical, nonacademic|Recaudación de fondos en la educación superior; no clínicos, no académicos|
Funeral|Funeral|
Funeral Service |Servicio Funerario|
funeral services|Servicios funerarios|
Gambling|Juego|
Game development|Desarrollo de juegos|
Games development|Desarrollo de juegos|
Gaming|Juego|
Gaming (Gambling)|Juegos de azar (apuestas)|
Gas & Oil|Gas y petróleo|
Geologist|Geólogo|
Geospatial|Geoespacial|
Global Health Consulting|Consultoría de Salud Global|
Global Mobility|Movilidad global|
Government |Gobierno|
Government Affairs/Lobbying|Asuntos Gubernamentales/Cabildeo|
Government and Public Administration|Gobierno y Administración Pública|
Government contract |Contrato con el gobierno|
Government Contracting|Contrataciones Gubernamentales|
Government contracting (data analytics and program evaluations)|Contratación gubernamental (análisis de datos y evaluaciones de programas)|
Government Contracting R&D|Investigación y Desarrollo en Contratación Gubernamental|
Government contractor|Contratista del gobierno|
Government contractor |Contratista del gobierno|
Government Contractor (R&D)|Contratista del Gobierno (R&D)|
government contractor, international development|Contratista del Gobierno, Desarrollo Internacional|
Government Relation|Relaciones Gubernamentales|
Government Relations|Relaciones Gubernamentales|
Government relations |Relaciones gubernamentales|
Government Relations/Lobbying|Relaciones Gubernamentales/Cabildeo|
Government Research|Investigación del Gobierno|
Government- Scientist|Gobierno- Científico|
Govt contractor - not direct govt but they pay my company who in turn pays me|Contratista del gobierno: no es un gobierno directo, pero le pagan a mi empresa, que a su vez me paga a mí.|
Govt contractor - not directly govt but they pay me|Contratista del gobierno, no directamente del gobierno, pero me pagan|
Govtech Software as a Service|Software como servicio de Govtech|
Graduate assistant and also events |Asistente de posgrado y también eventos|
Graduate Student|Estudiante de Posgrado|
Grantwriting Consultants|Consultores de redacción de subvenciones|
Grocery delivery|Entrega de comestibles|
Grocery Distribution|Distribución de comestibles|
Gyms|Gimnasios|
Hardware Manufacturing|Fabricación de herrajes|
Haz/Ind/Rad Waste Management |Gestión de residuos Haz/Ind/Rad|
Health and fitness|Salud y estado físico|
Health and Safety|Salud y seguridad|
Health care|Atención médica|
Health Insurance |Seguro de enfermedad|
Health Research|Investigación en Salud|
Healthcare Information Technology|Tecnología de la información para el cuidado de la salud|
Healthcare IT|TI para el cuidado de la salud|
Healthcare technology |Tecnología sanitaria|
Heritage|Patrimonio|
Heritage |Patrimonio|
Heritage/Public History|Patrimonio/Historia Pública|
High end outdoor furniture manufacturer |Fabricante de muebles de exterior de alta gama|
Higher education fundraising|Recaudación de fondos para la educación superior|
Higher education/Libraries|Educación superior/Bibliotecas|
Historic Preservation|Preservación Histórica|
Homemaker|Ama de casa|
Horticulture|Horticultura|
Horticulture (Admin)|Horticultura (Admin)|
Hospital|Hospital|
Hospitality & Events|Hospitalidad y Eventos|
Household Services|Servicios para el hogar|
Housekeeper/cook|Ama de llaves/cocinera|
HRO|HRO|
Human Capital Management|Gestión del Capital Humano|
Human Resources|Recursos humanos|
Human Resources |Recursos humanos|
Human services|Servicios humanos|
Hybrid Nonprofit Higher Education (we are part of a university but our entire budget comes from grants)|Educación superior híbrida sin fines de lucro (somos parte de una universidad, pero todo nuestro presupuesto proviene de subvenciones)|
I have two jobs. Marketing / Business |Tengo dos trabajos. Mercadotecnia / Negocios|
I work at a property tax management company. Not sure where this fits in. Consulting maybe?|Trabajo en una empresa de gestión de impuestos sobre la propiedad. No estoy seguro de dónde encaja esto. ¿Consultoría tal vez?|
I work for Indeed.com|Trabajo para Indeed.com|
I work in the finance function of a large global conglomerate|Trabajo en la función financiera de un gran conglomerado global|
I'm currently a student and don't have a job|Actualmente soy estudiante y no tengo trabajo|
Immigration|Inmigración|
individual & family services|Servicios Individuales y Familiares|
Industrial Cleaning & Non Hazardous Transport|Limpieza Industrial y Transporte No Peligroso|
Industrial Hygiene|Higiene Industrial|
Industrial Supply|Suministro Industrial|
Information |Información|
Information Management/Archives|Gestión de la Información/Archivos|
Information sciences|Ciencias de la información|
Information services|Servicios de información|
Information services (libraries)|Servicios de información (bibliotecas)|
Information services (library)|Servicios de información (biblioteca)|
Information Services/Libraries|Servicios de Información/Bibliotecas|
Information Technology|Tecnología de la información|
Information Technology |Tecnología de la información|
Information technology (IT)|Tecnología de la información (TI)|
In-House Marketing|Comercialización interna|
Instructional Design and Training|Diseño Instruccional y Capacitación|
Instructional Design, Aviation Industry|Diseño Instruccional, Industria de la Aviación|
Instructional Designer|Diseñador Instruccional|
Insurance|Seguro|
Intelligence|Inteligencia|
Intergovernmental organization|Organización intergubernamental|
Interior Design & Architecture|Diseño de Interiores y Arquitectura|
Interior Design (commercial)|Diseño de interiores (comercial)|
Interior landscaping |Paisajismo interior|
Internal Communications|Comunicaciones Internas|
International defence|Defensa internacional|
International Development|Desarrollo Internacional|
International development |Desarrollo internacional|
International development (multilateral donor)|Desarrollo internacional (donante multilateral)|
International organisations|Organizaciones internacionales|
International organization (UN)|Organización internacional (ONU)|
Internet|Internet|
Interpretation|Interpretación|
Investing|Invertir|
Ipr|Ipr|
IT|ESO|
IT MSP|MSP de TI|
IT Security|Seguridad informática|
It security |Seguridad informática|
Janitorial|Limpieza|
Journalism|Periodismo|
Lab Science (Biotech)|Ciencia de laboratorio (biotecnología)|
Labor|Trabajo|
labor union|sindicato|
Laboratory research|Investigación de laboratorio|
labour/professional organization|Organización Laboral/Profesional|
Landed Estate|Finca Inmobiliaria|
Landscape Architecture|Arquitectura del Paisaje|
Landscape Contracting|Contratación de Paisajismo|
Landscaping|Paisajismo|
Landscaping/Tree Work|Paisajismo/Arboricultura|
Language Services|Servicios lingüísticos|
Language Services company, unsure the broad category to use. Our clients are branding agencies, and their clients are frequently (but not always) pharmaceutical companies.|Empresa de servicios lingüísticos, no está seguro de la amplia categoría a utilizar. Nuestros clientes son agencias de branding, y sus clientes son frecuentemente (pero no siempre) empresas farmacéuticas.|
Large University Administration|Gran Administración Universitaria|
Laundry and Rental|Lavandería y alquiler|
Law|Ley|
Law Enforcement & Security|Aplicación de la ley y seguridad|
Law Library|Biblioteca Jurídica|
Learning & Development|Aprendizaje y desarrollo|
Learning and Development|Aprendizaje y desarrollo|
Legal Services|Servicios Legales|
Leisure, Sport & Tourism|Ocio, Deporte y Turismo|
Librarian|Bibliotecario|
Librarian |Bibliotecario|
Librarian and Assistant Manager of a library|Bibliotecario y Subdirector de una biblioteca|
Librarian in legal setting|Bibliotecario en el ámbito jurídico|
librarian--Contractor for NASA|Bibliotecario--Contratista de la NASA|
Libraries|Bibliotecas|
Libraries |Bibliotecas|
Libraries & Archives|Bibliotecas y Archivos|
Libraries (Medical)|Bibliotecas (Médicas)|
Libraries (public)|Bibliotecas (públicas)|
Libraries / Archives / Information|Bibliotecas / Archivos / Información|
Libraries and Archives|Bibliotecas y Archivos|
Libraries and Archives (Academic)|Bibliotecas y Archivos (Académicos)|
Libraries/Archives|Bibliotecas/Archivos|
Libraries/Museums/Archives|Bibliotecas/Museos/Archivos|
Library|Biblioteca|
Library |Biblioteca|
Library (its a non-profit and its a govt job - how would I list that? Not all libraries are govt jobs)|Biblioteca (es una organización sin fines de lucro y es un trabajo del gobierno, ¿cómo enumeraría eso? No todas las bibliotecas son empleos gubernamentales)|
Library (university)|Biblioteca (universidad)|
Library and Information Science|Biblioteconomía y Documentación|
Library and Information Services|Servicios Bibliotecarios y de Información|
Library at a University |Biblioteca en una universidad|
Library Page (Public county library)|Página de la biblioteca (Biblioteca pública del condado)|
Library science / part-time work/study|Bibliotecología / Trabajo/estudio a tiempo parcial|
Library Tech for a school system|Tecnología bibliotecaria para un sistema escolar|
Library/Archive|Biblioteca/Archivo|
Library/Archive/Research Center|Biblioteca/Archivo/Centro de Investigación|
Library/archives|Biblioteca/Archivos|
Library/Information managment|Biblioteca/Gestión de la información|
Library--public|Biblioteca--pública|
Life science capability development|Desarrollo de capacidades en ciencias de la vida|
Life Sciences|Ciencias biológicas|
Life Sciences |Ciencias biológicas|
Life sciences (not in academia)|Ciencias de la vida (no en el mundo académico)|
Literature|Literatura|
Lobbying|Cabildeo|
Lobbying and consulting|Cabildeo y consultoría|
Logistics|Logística|
Low-Voltage Equipment|Equipos de baja tensión|
Luxury Fashion|Moda de lujo|
Maintenance|Mantenimiento|
Management Consulting|Consultoría de Gestión|
Manufacturing|Fabricación|
Manufacturing |Fabricación|
Manufacturing (medical devices)|Fabricación (dispositivos médicos)|
Manufacturing (personal care)|Manufactura (cuidado personal)|
Manufacturing (pharmaceuticals) |Manufactura (productos farmacéuticos)|
Manufacturing : corporate admin support|Fabricación: soporte administrativo corporativo|
Manufacturing and distributing|Fabricación y distribución|
manufacturing security systems|Fabricación de sistemas de seguridad|
Manufacturing, Chemical|Manufactura Química|
Manufacturing/Consumer Packaged Goods|Manufactura/Bienes de Consumo Empaquetados|
Manufacturing/Wholesale|Fabricación/Venta al por mayor|
Maritime|Marítimo|
Market research|Estudio de mercado|
Market Research |Estudio de mercado|
Marketing at a Non Profit|Comercialización en una organización sin fines de lucro|
Marketing technology|Tecnología de marketing|
Marketing, Advertising & PR|Marketing, Publicidad y Relaciones Públicas|
MedComms|MedComms (en inglés)|
Media & Digital|Medios de comunicación y digital|
Medica education|Educación médica|
Medical communications|Comunicaciones médicas|
Medical Device|Dispositivo médico|
Medical Devices|Dispositivos médicos|
Medical Interpreter -(Spanish)|Intérprete Médico -(Español)|
Medical Library |Biblioteca Médica|
Medical research|Investigación médica|
medical research |investigación médica|
Medical Sciences|Ciencias Médicas|
Medical supply Wholesale & Warehousing|Venta al por mayor y almacenamiento de suministros médicos|
Medical Technology|Tecnología Médica|
Medical/Pharmaceutical |Médico/Farmacéutico|
mental health|salud mental|
Mental health |Salud mental|
Mental health therapist|Terapeuta de salud mental|
Military|Militar|
Military |Militar|
Mining|Minería|
Mining |Minería|
Mining & Mineral Processing|Minería y Procesamiento de Minerales|
Mining and natural resources|Minería y recursos naturales|
Mining/Mineral Exploration|Minería/Exploración Minera|
Mining/Resource Extraction|Minería/Extracción de Recursos|
Ministry|Ministerio|
Mortgage|Hipoteca|
Multilateral Organisation |Organización Multilateral|
municipal (public) libraries|Bibliotecas municipales (públicas)|
Municipal Government (Library)|Gobierno Municipal (Biblioteca)|
Municipal library|Biblioteca municipal|
Museum|Museo|
Museum |Museo|
Museum - Nonprofit|Museo - Sin fines de lucro|
Museum (<20 employees)|Museo (<20 empleados)|
Museum (University Affiliated)|Museo (Afiliado a la Universidad)|
Museum education |Educación en museos|
Museum Library|Biblioteca del Museo|
Museums|Museos|
Museums & archives|Museos y archivos|
museums & archives (not sure where this would fall)|Museos y Archivos (no estoy seguro de dónde caería esto)|
Museums: Nonprofit|Museos: Sin fines de lucro|
Music|Música|
Music Licensing|Licencias de música|
music therapy |musicoterapia|
Music, education |Educación musical|
Music: freelance, performing and education|Música: freelance, interpretación y educación|
My company sells & services various types of printers, mostly Kyocera.|Mi empresa vende y da servicio a varios tipos de impresoras, principalmente Kyocera.|
National laboratory|Laboratorio nacional|
Natural resources|Recursos naturales|
Non profit theater|Teatro sin fines de lucro|
Nonprofit - legal department|Organizaciones sin fines de lucro: departamento legal|
Nonprofit - LORT D Theater|Sin fines de lucro - LORT D Theater|
Nonprofit association|Asociación sin ánimo de lucro|
Non-profit health care (I couldn’t select both)|Atención médica sin fines de lucro (no pude seleccionar ambos)|
Nonprofit scholarly society publisher|Editorial de una sociedad académica sin fines de lucro|
Non-profit Theatre|Teatro sin fines de lucro|
Nonprofits|Organizaciones sin fines de lucro|
Not for profit education consultancy|Consultoría educativa sin fines de lucro|
not-for-profit health research consulting|Consultoría de investigación en salud sin fines de lucro|
not-for-profit membership organization|Organización de membresía sin fines de lucro|
Nuclear research|Investigación nuclear|
Obligatory Military service|Servicio militar obligatorio|
oceanography research|Investigación oceanográfica|
Office Admin|Administrador de oficina|
Office Administration|Administración de oficinas|
Oil|Aceite|
Oil & Gas|Petróleo y gas|
Oil & Gas - Non Destructive Testing|Petróleo y Gas - Ensayos No Destructivos|
Oil and Gas|Petróleo y gas|
Oil and gas |Petróleo y gas|
Oil and gas exploration|Exploración de petróleo y gas|
Oil and gas exploration |Exploración de petróleo y gas|
Oil and Gas Safety Training|Capacitación en seguridad de petróleo y gas|
Oilfield adjacent|Yacimientos petrolíferos adyacentes|
Online education|Educación en línea|
Online education startup (non-technical role)|Puesta en marcha de educación en línea (rol no técnico)|
Online learning|Aprendizaje en línea|
Operational Training|Entrenamiento Operacional|
Operations|Operaciones|
Organizational Development |Desarrollo Organizacional|
Organized Labor|Trabajo Organizado|
Outdoor industry/repair and maintenance|Industria al aire libre/reparación y mantenimiento|
Outsourced Customer Service/Tech Support Call Centre|Servicio de atención al cliente/centro de llamadas de soporte técnico subcontratado|
Outsourcing Services |Servicios de Outsourcing|
Paid student intern in Tech|Estudiante en prácticas remunerado en Tecnología|
parking |aparcamiento|
Parks and recreation, land management but with customer service included|Parques y recreación, administración de tierras pero con servicio al cliente incluido|
Patent translation|Traducción de patentes|
Payment Processing|Procesamiento de pagos|
Payroll Software|Software de nómina|
Pension Benefit Administration|Administración de Beneficios de Pensión|
Per Sitter|Por niñera|
Performing Arts|Artes escénicas|
Pest Control|Control de plagas|
Pet|Mascota|
Pet Care|Cuidado de mascotas|
Pet care industry |Industria del cuidado de mascotas|
Pet care industry (dog training/walking)|Industria del cuidado de mascotas (adiestramiento/paseo de perros)|
Pet care/grooming|Cuidado/aseo de mascotas|
Petroleum|Petróleo|
Pharma|Farmacéutica|
Pharma |Farmacéutica|
Pharma & Biotech|Farmacéutica y Biotecnología|
pharma / medical device design and manufacturing|Diseño y fabricación de dispositivos farmacéuticos / médicos|
Pharma R&D|Investigación y desarrollo farmacéutico|
Pharma research|Investigación farmacéutica|
Pharma/ Research|Farmacia/ Investigación|
Pharma/Biotech|Farmacéutica/Biotecnología|
Pharma/biotechnology|Farmacia/biotecnología|
Pharma/biotechnology |Farmacia/biotecnología|
Pharmaceitical manufacturing|Fabricación farmacéutica|
Pharmaceutical|Farmacéutico|
Pharmaceutical |Farmacéutico|
Pharmaceutical company |Empresa farmacéutica|
Pharmaceutical Development|Desarrollo Farmacéutico|
Pharmaceutical Industry|Industria farmacéutica|
Pharmaceutical industry |Industria farmacéutica|
Pharmaceutical Manufacturing|Fabricación farmacéutica|
Pharmaceutical Manufacturing |Fabricación farmacéutica|
Pharmaceutical R&D|Investigación y desarrollo farmacéutico|
Pharmaceutical research|Investigación farmacéutica|
Pharmaceutical research |Investigación farmacéutica|
Pharmaceutical research & development|Investigación y desarrollo farmacéutico|
Pharmaceutical research (chemist)|Investigación farmacéutica (químico)|
Pharmaceutical/Biotech|Farmacéutica/Biotecnología|
Pharmaceutical/biotechnology|Farmacéutica/biotecnología|
Pharmaceutical/Contract Research Organization|Organización de Investigación Farmacéutica/por Contrato|
Pharmaceuticals|Productos farmacéuticos|
Pharmaceuticals |Productos farmacéuticos|
Pharmaceuticals / Biotech|Farmacéutica / Biotecnología|
Pharmaceuticals R&D|Investigación y desarrollo de productos farmacéuticos|
Pharmaceuticals/Biotechnology|Productos farmacéuticos/biotecnología|
Pharmacuticals|Productos farmacéuticos|
PhD|Doctorado|
Philanthropy|Filantropía|
Philanthropy |Filantropía|
Physical sciences|Ciencias físicas|
Planning|Planificación|
Plumbing|Plomería|
Policy research|Investigación de políticas|
political campaign|Campaña política|
Political Campaigning|Campañas políticas|
Political Campaigns|Campañas políticas|
Political Consulting|Consultoría Política|
Political consulting |Consultoría política|
Political Research|Investigación Política|
Politics|Política|
Politics/Campaigns|Política/Campañas|
Politics/Government Relations|Relaciones Política/Gobierno|
Preclinical Research|Investigación preclínica|
Pre-primary education|Educación preescolar|
Print / Mail|Imprimir / Enviar por correo|
Print Distributor |Distribuidor de impresión|
Print publishing|Publicación impresa|
Printing|Imprenta|
Private company, federal contractor |Empresa privada, contratista federal|
Private Equity|Capital Privado|
Private investigator at large firm|Investigador privado en una gran empresa|
Private Sector Emergency Management|Manejo de Emergencias del Sector Privado|
Probiotics|Probióticos|
Procurement|Procuración|
Procurement |Procuración|
Procurement/Sourcing/Operations |Adquisiciones/Abastecimiento/Operaciones|
Product Management|Gestión de productos|
Production and Manufacturing|Producción y fabricación|
Professional Association |Asociación profesional|
Professional Association in Finance|Asociación Profesional de Finanzas|
Professional Public Librarian|Bibliotecario Público Profesional|
Professional regulation|Regulación profesional|
Professional services|Servicios profesionales|
Professional services |Servicios profesionales|
Professional services / architecture |Servicios profesionales / arquitectura|
Professional training|Formación profesional|
Program management |Gestión de programas|
project management|gestión de proyectos|
project management |gestión de proyectos|
Property Management|Administración de Propiedades|
Property or Construction|Propiedad o Construcción|
Protective coatings|Recubrimientos protectores|
Psychologist|Psicólogo|
Psychology|Psicología|
Public affairs / PR |Relaciones públicas / Relaciones públicas|
Public health|Salud pública|
Public health |Salud pública|
Public health (not medical)|Salud pública (no médica)|
Public health in higher education|La salud pública en la educación superior|
Public Health Research|Investigación en Salud Pública|
Public Health- state level|Salud Pública- nivel estatal|
Public Health, local government|Salud Pública, gobierno local|
Public Librarian|Bibliotecario Público|
Public Libraries|Bibliotecas Públicas|
public libraries |Bibliotecas públicas|
Public Library|Biblioteca pública|
Public library |Biblioteca pública|
Public Library (might be considered Government, but that always seems an odd designation...)|Biblioteca Pública (podría considerarse Gobierno, pero siempre parece una designación extraña...)|
Public Library (Non-profit, but also government?)|Biblioteca Pública (¿Sin fines de lucro, pero también gubernamental?)|
Public Library (technically City Govt.?) |Biblioteca Pública (técnicamente Gobierno de la Ciudad)|
Public Opinion Research|Investigación de Opinión Pública|
Public Policy|Política pública|
Public safety|Seguridad pública|
Public safety |Seguridad pública|
Public/Environmental Health|Salud Pública/Ambiental|
Public/Research Library|Biblioteca Pública/de Investigación|
Publications|Publicaciones|
Publishibg|Publishibg|
Publishing|Editorial|
Publishing |Editorial|
Publishing (academic)|Publicaciones (académicas)|
Publishing (book)|Publicación (libro)|
Publishing, content as a service|Publicación, contenido como servicio|
publishing/edtech|Editorial/Edtech|
Publishing: Science, Academic, Technical |Publicación: Científica, Académica, Técnica|
Purchasing|Adquisitivo|
Purchasing |Adquisitivo|
Quality Assurance|Garantía de calidad|
Quality Assurance Laboratory |Laboratorio de Aseguramiento de la Calidad|
R&D|I+D|
R&D in Manufacturing|R&D en Manufactura|
Real Estate|Bien inmueble|
real estate |bien inmueble|
Real Estate / Housing|Bienes Raíces / Vivienda|
Real Estate Affordable Housing|Bienes Raíces Vivienda Asequible|
Real Estate Association |Asociación de Bienes Raíces|
Real Estate Corp. Office/not a Realtor|Oficina de Real Estate Corp./no es un agente de bienes raíces|
Real Estate customer care|Atención al cliente inmobiliario|
Real Estate Development|Desarrollo Inmobiliario|
Real Estate Investment|Inversión Inmobiliaria|
Real Estate Investment Support|Apoyo a la inversión inmobiliaria|
Real estate servicea|Servicio inmobiliarioa|
Real estate services|Servicios inmobiliarios|
Real estate software|Software inmobiliario|
Real Estate Title Company|Compañía de Títulos de Bienes Raíces|
Real estate valuation|Valoración inmobiliaria|
Real Estate/ Mortgage |Bienes Raíces/ Hipoteca|
Real Estate/Development|Bienes Raíces/Desarrollo|
Real estate: title & escrow|Bienes raíces: título y depósito en garantía|
Real World Evidence (data for pharma research)|Evidencia del mundo real (datos para la investigación farmacéutica)|
Recruitment or HR|Reclutamiento o RRHH|
Regulatory Affairs|Asuntos Regulatorios|
Regulatory Affairs- nutraceuticals |Asuntos Regulatorios- Nutracéuticos|
Religion|Religión|
Religion |Religión|
Religion/church|Religión/iglesia|
Religious|Religioso|
Religious (church)|Religioso (iglesia)|
Religious (synagogue)|Religiosos (sinagoga)|
religious educator|Educador religioso|
Religious institute|Instituto religioso|
Religious institution|Institución religiosa|
Renewable energy|Energía renovable|
Renewable Energy |Energía renovable|
Renewable Energy Development|Desarrollo de Energías Renovables|
Renewable fuels|Combustibles renovables|
Repair facility for heavy duty trucks|Instalación de reparación para camiones pesados|
Research|Investigación|
Research |Investigación|
Research - academic|Investigación - académica|
Research - Public Health|Investigación - Salud Pública|
Research & Development|Investigación y desarrollo|
Research & Development |Investigación y desarrollo|
Research & Development (Defense Industry)|Investigación y Desarrollo (Industria de Defensa)|
Research & Development (Physical Sciences)|Investigación y Desarrollo (Ciencias Físicas)|
Research (health)|Investigación (salud)|
Research / Gov|Investigación / Gobierno|
Research Administration|Administración de la investigación|
Research and development|Investigación y desarrollo|
Research and Development Academia|Academia de Investigación y Desarrollo|
Research and Development, Food and Beverage |Investigación y Desarrollo, Alimentos y Bebidas|
Research and Evaluation|Investigación y Evaluación|
Research at a National Laboratory|Investigación en un laboratorio nacional|
Research at a State University|Investigación en una universidad estatal|
Research Institute|Instituto de Investigación|
Research science|Ciencia de la investigación|
Research Scientist, Pharma|Investigador Científico, Farmacia|
Research/Academia|Investigación/Academia|
Research/Social Science|Investigación/Ciencias Sociales|
Restaurant|Restaurante|
Restaurant |Restaurante|
Restaurant Group |Grupo de Restaurantes|
Restaurant/Food Service|Restaurante/Servicio de Comida|
Restaurant/Service|Restaurante/Servicio|
Restaurants & Hospitality|Restaurantes y Hospitalidad|
restoration|restauración|
Retail|Venta al por menor|
Retail call center |Centro de llamadas para minoristas|
Retail mid level management|Gerencia de nivel medio minorista|
Retail pharmacy|Farmacia minorista|
Retail real estate|Bienes raíces comerciales|
Retired|Jubilado|
Rideshare|Viajes compartidos|
Rural electrification|Electrificación rural|
Saas|SaaS|
Saas company/software|Empresa/software SaaS|
Sailing Instructor|Instructor de Vela|
Sales|Ventas|
Sales |Ventas|
Sales Operations|Operaciones de Ventas|
Sales Operations |Operaciones de Ventas|
School District Pre-K-12|Distrito Escolar Pre-K-12|
Science|Ciencia|
Science |Ciencia|
Science - QC lab|Ciencia - Laboratorio de control de calidad|
Science (Chemistry R&D)|Ciencia (Investigación y Desarrollo en Química)|
Science (Laboratory)|Ciencia (Laboratorio)|
Science (Research, Biology)|Ciencias (Investigación, Biología)|
Science academia|Academia de ciencias|
Science and Natural Resource Management|Ciencia y Gestión de Recursos Naturales|
Science and reasearch|Ciencia e investigación|
Science publishing|Publicaciones científicas|
Science research|Investigación científica|
Science Research, government|Investigación Científica, gobierno|
Science/Biotech |Ciencia/Biotecnología|
Science/government |Ciencia/gobierno|
Science/Research|Ciencia/Investigación|
Science/Research (Academia)|Ciencia/Investigación (Academia)|
Science/research non-academic|Ciencia/investigación no académica|
Sciences|Ciencias|
Scientific|Científico|
Scientific analysis|Análisis científico|
Scientific publishing|Publicaciones científicas|
Scientific R&D|Investigación y Desarrollo Científico|
Scientific research|Investigación científica|
Scientific Research |Investigación científica|
Scientific research (industry) |Investigación científica (industria)|
Scientist|Científico|
Security|Seguridad|
Security and manufacturing company|Empresa de seguridad y fabricación|
Service|Servicio|
Service and repair|Servicio y reparación|
Shared office space|Espacio de oficina compartido|
Sign Language Interpreter, Community|Intérprete de Lenguaje de Señas, Comunidad|
Skilled trade |Oficio especializado|
Small business/service company|Pequeña empresa/empresa de servicios|
Social networks|Redes sociales|
Social Research|Investigación Social|
Social science |Ciencias sociales|
social science research - not quite academia, not quite nonprofit, not quite consulting|Investigación en ciencias sociales: no del todo académica, no del todo sin fines de lucro, no del todo de consultoría|
Social sciences research|Investigación en ciencias sociales|
Social Work|Trabajo social|
Soft Drinks Manufacturing |Fabricación de refrescos|
Software|Software|
Software as a Service SaaS|Software como servicio SaaS|
Software Development|Desarrollo de Software|
Software Development / IT|Desarrollo de Software / TI|
Software Products|Productos de software|
Software/programming|Software/programación|
Soldier|Soldado|
Sourcing & Procurement|Abastecimiento y Adquisiciones|
Space|Espacio|
Special Collections Library|Biblioteca de Colecciones Especiales|
Specialist clothing|Ropa especializada|
Specialist policy consulting/research|Consultoría/investigación especializada en políticas|
Sports|Deportivo|
Staffing & workforce solutions |Soluciones de dotación de personal y fuerza laboral|
Staffing agency|Agencia de empleo|
Staffing Firm|Empresa de dotación de personal|
Staffing Industrry|Dotación de personal industrial|
State and federal contractor|Contratista estatal y federal|
State DOT|DOT del Estado|
State-level public transportation agency|Agencia estatal de transporte público|
Stay-at-home parent|Padre que se queda en casa|
STEM medical research|Investigación médica STEM|
STEM research|Investigación STEM|
Storage Facility |Instalación de almacenamiento|
Strategy|Estrategia|
strategy consulting|Consultoría estratégica|
Student|Estudiante|
Student |Estudiante|
student paid intern in computing|Estudiante en pasante remunerado en informática|
Subsidized Seniors Housing|Vivienda Subsidiada para Personas Mayores|
Summer camp|Campamento de verano|
Supply chain|Cadena de suministro|
Supply Chain Distribution |Distribución de la cadena de suministro|
Supply Chain Operations|Operaciones de la cadena de suministro|
Supply Chain!|¡Cadena de suministro!|
Survey methodology|Metodología de la encuesta|
Survey Research/Public Policy Research|Investigación de encuestas/Investigación de políticas públicas|
Surveying|Topografía|
Surveying |Topografía|
Synthetic Chemical Manufacturing|Fabricación de productos químicos sintéticos|
Tabletop Games Publishing|Publicación de juegos de mesa|
Tabletop Gaming|Juegos de mesa|
Tailoring Service|Servicio de sastrería|
Tech|Tecnología|
Technical writing|Redacción técnica|
Technical/Cybersecurity|Técnico/Ciberseguridad|
Technical/IT|Técnico/Informático|
Technology|Tecnología|
Technology |Tecnología|
technology/SaaS|tecnología/SaaS|
Telecommunications|Telecomunicaciones|
Telecommunications |Telecomunicaciones|
Telecommunications (GPS)|Telecomunicaciones (GPS)|
Textbook Copyeditor|Corrector de estilo de libros de texto|
Theatre|Teatro|
Think tank|Tanque de pensamiento|
Third sector/non profit - medical membership in UK|Tercer sector/sin fines de lucro: membresía médica en el Reino Unido|
TIC (Testing, Inspection & Certification)|TIC (Pruebas, Inspección y Certificación)|
Title/Real Estate |Título/Bienes Raíces|
Tourism|Turismo|
Tourism/Heritage -- but for a government building|Turismo/Patrimonio, pero para un edificio gubernamental|
Toxicology|Toxicología|
Trade Association|Asociación Comercial|
trade association/membership|Asociación Comercial/Membresía|
Trade Associations|Asociaciones Comerciales|
Trades (Supply Chain) Oil and Gas|Oficios (Cadena de suministro) Petróleo y gas|
Training|Adiestramiento|
Training and Professional Services|Capacitación y Servicios Profesionales|
Translation|Traducción|
Translation |Traducción|
Translation and Localization|Traducción y localización|
Translation/transcription|Traducción/transcripción|
Transport or Logistics|Transporte o Logística|
Travel|Viajar|
Travel |Viajar|
Undergrad student|Estudiante de pregrado|
Union/political organizing |Organización sindical/política|
Unions|Uniones|
University administration|Administración universitaria|
University libraries|Bibliotecas universitarias|
University research|Investigación universitaria|
University tech transfer (higher ed/marketing/writing)|Transferencia de tecnología universitaria (educación superior/marketing/redacción)|
Urban Planning|Planificación urbana|
User Experience (UX) Research|Investigación de experiencia de usuario (UX)|
User Experience Design|Diseño de Experiencia de Usuario|
Utilities & Telecommunications|Servicios Públicos y Telecomunicaciones|
UX Research |Investigación de UX|
Vet|Veterinario|
Veterinarian|Veterinario|
Veterinary|Veterinario|
Veterinary |Veterinario|
veterinary biotech|Biotecnología veterinaria|
Veterinary Care|Atención Veterinaria|
Veterinary Diagnostics|Diagnóstico Veterinario|
Veterinary m&a|Fusiones y adquisiciones veterinarias|
Veterinary medicine|Medicina veterinaria|
Veterinary services|Servicios veterinarios|
Video Game Industry|Industria de los videojuegos|
Video Games|Videojuegos|
Virtual Assisting |Asistencia virtual|
Virtual reality|Realidad virtual|
Warehouse|Almacén|
Warehouse |Almacén|
Warehouse- Food and Beverage |Almacén- Alimentos y Bebidas|
Warehousing|Almacenamiento|
Warehousing |Almacenamiento|
Waste and recycling|Residuos y reciclaje|
Waste Management |Gestión de residuos|
Wealth advisor Research|Asesor patrimonial Investigación|
Wherever I'm assigned via the union|Dondequiera que me asignen a través del sindicato|
Wholesale|Venta al por mayor|
Wholesale - Apparel|Venta al por mayor - Ropa|
Wholesale and retail trade|Comercio al por mayor y al por menor|
wholesale distribution|Distribución al por mayor|
Wholesale Distribution B2B|Distribución Mayorista B2B|
Wholesale Industrial & Welding Supplies & Equipment|Venta al por mayor de suministros y equipos industriales y de soldadura|
Wholesale supplier |Proveedor mayorista|
Wholesale textile manufacture and sales|Fabricación y venta de textiles al por mayor|
Wholesale Trade|Comercio al por mayor|
Wholesale/Distrbution|Venta al por mayor/distribución|
Wine|Vino|
Wine & Spirits|Vinos y licores|
Wine Importing/Distribution|Importación/Distribución de Vino|
Wine Wholesale|Venta al por mayor de vino|
Winery regulatory compliance |Cumplimiento normativo de la bodega|
Workforce development |Desarrollo de la fuerza laboral|
Work-Study|Trabajo-Estudio|
Writing and journalism |Escritura y periodismo|
Zoo|Zoo|
Zoos and Aquariums|Zoológicos y acuarios|
